{"c_duration_av":174,"c_duration_dis":17,"c_level_av":20866.5625,"c_level_dis":2086.65625,"dis_s_av":1.3073898553848267,"dis_s_dis":0.1307389885187149,"do_render_agents":false,"do_render_pheromone":true,"do_update_world":false,"forced_rot":0.019999999552965164,"gradient_bound":1000.0,"load_from":"","pheromone_limit":1000000.0,"rot_m_av":0.39304354786872864,"rot_m_dis":0.039304353296756744,"rot_s_av":1.1997628211975098,"rot_s_dis":0.11997628211975098,"save_to":"","speed_av":0.6779707670211792,"speed_dis":0.06779707968235016,"trail":100.0,"wobble":0.12566371262073517}