{"c_duration_av":282,"c_duration_dis":28,"c_level_av":16151.1845703125,"c_level_dis":1615.118408203125,"dis_s_av":1.9686120748519897,"dis_s_dis":0.19686120748519897,"do_render_agents":false,"do_render_pheromone":true,"do_update_world":false,"forced_rot":0.019999999552965164,"gradient_bound":1000.0,"load_from":"","pheromone_limit":1000000.0,"rot_m_av":0.10578672587871552,"rot_m_dis":0.010578672401607037,"rot_s_av":0.6212268471717834,"rot_s_dis":0.062122683972120285,"save_to":"","speed_av":0.5335456132888794,"speed_dis":0.05335456132888794,"trail":100.0,"wobble":0.12566371262073517}