{"c_duration_av":291,"c_duration_dis":29,"c_level_av":16426.38671875,"c_level_dis":1642.638671875,"dis_s_av":1.6116127967834473,"dis_s_dis":0.16116127371788025,"do_render_agents":false,"do_render_pheromone":true,"do_update_world":false,"forced_rot":0.019999999552965164,"gradient_bound":1000.0,"load_from":"","pheromone_limit":1000000.0,"rot_m_av":0.7449414730072021,"rot_m_dis":0.0744941458106041,"rot_s_av":0.5619339346885681,"rot_s_dis":0.05619339272379875,"save_to":"","speed_av":1.4749364852905273,"speed_dis":0.1474936455488205,"trail":100.0,"wobble":0.12566371262073517}