{"c_duration_av":300,"c_duration_dis":50,"c_level_av":10000.0,"c_level_dis":1000.0,"dis_s_av":4.0,"dis_s_dis":1.2999999523162842,"do_render_agents":false,"do_render_pheromone":true,"do_update_world":false,"forced_rot":0.019999999552965164,"gradient_bound":1000.0,"load_from":"","pheromone_limit":1000000.0,"rot_m_av":0.4487989544868469,"rot_m_dis":0.09817477315664291,"rot_s_av":1.5707963705062866,"rot_s_dis":0.2617993950843811,"save_to":"","speed_av":2.700000047683716,"speed_dis":0.5,"trail":100.0,"wobble":0.12566371262073517}