{"c_duration_av":460,"c_duration_dis":46,"c_level_av":27581.89453125,"c_level_dis":2758.189453125,"dis_s_av":1.7101961374282837,"dis_s_dis":0.17101961374282837,"do_render_agents":false,"do_render_pheromone":true,"do_update_world":false,"forced_rot":0.019999999552965164,"gradient_bound":1000.0,"load_from":"","pheromone_limit":1000000.0,"rot_m_av":1.366428017616272,"rot_m_dis":0.13664279878139496,"rot_s_av":1.2452276945114136,"rot_s_dis":0.12452276796102524,"save_to":"","speed_av":0.6112321615219116,"speed_dis":0.06112321466207504,"trail":100.0,"wobble":0.12566371262073517}